"","value","propTax","outcome_np","outcome_inc","valueImp","propTaxImp","lotSize1","lotSize2"
"2",10.8197782844103,7.40853056689463,1,11510,10.8197782844103,7.40853056689463,1,0
"3",11.9183905730784,8.02289686960146,2,9000,11.9183905730784,8.02289686960146,1,0
"4",12.2060726455302,8.55641390456952,1,177000,12.2060726455302,8.55641390456952,1,0
"9",14.3378694175439,9.21034037197618,3,228780,14.3378694175439,9.21034037197618,0,1
"10",13.2533916398107,8.77955745588373,6,228900,13.2533916398107,8.77955745588373,0,1
"14",12.2060726455302,8.55641390456952,2,165890,12.2060726455302,8.55641390456952,1,0
"15",NA,NA,1,114500,12.1262972596236,8.09367937048534,1,0
"16",12.8346813049525,8.77955745588373,2,83400,12.8346813049525,8.77955745588373,1,0
"19",13.3046849341983,8.9226582995244,4,260000,13.3046849341983,8.9226582995244,1,0
"20",12.1547793511426,8.11671562481911,2,84850,12.1547793511426,8.11671562481911,1,0
"23",12.2060726455302,8.05515773181968,3,77000,12.2060726455302,8.05515773181968,1,0
"24",13.4588356140255,9.21034037197618,2,529000,13.4588356140255,9.21034037197618,1,0
"27",12.1007121298723,7.57558465155779,3,36000,12.1007121298723,7.57558465155779,1,0
"29",12.5425448821514,8.30647216010058,5,138000,12.5425448821514,8.30647216010058,1,0
"30",13.1223633774043,8.77955745588373,4,240200,13.1223633774043,8.77955745588373,1,0
"31",12.4292161968444,8.35467426191846,4,142000,12.4292161968444,8.35467426191846,0,1
"34",14.3378694175439,9.21034037197618,3,1140000,14.3378694175439,9.21034037197618,1,0
"38",13.0815413828841,8.9226582995244,3,172300,13.0815413828841,8.9226582995244,1,0
"40",NA,NA,5,75000,12.1262972596236,8.09367937048534,0,0
"44",12.0782392740203,6.71538338633468,1,88100,12.0782392740203,6.71538338633468,1,0
"45",13.2861814626337,8.46589989702869,1,105500,13.2861814626337,8.46589989702869,1,0
"46",12.7656884334656,8.77955745588373,4,140000,12.7656884334656,8.77955745588373,1,0
"47",12.2060726455302,7.7621706071382,2,58500,12.2060726455302,7.7621706071382,0,1
"48",12.4292161968444,8.77955745588373,1,185000,12.4292161968444,8.77955745588373,0,0
"49",14.3378694175439,9.21034037197618,5,424100,14.3378694175439,9.21034037197618,0,1
"51",12.0435537160324,8.02289686960146,1,43100,12.0435537160324,8.02289686960146,0,1
"53",12.7656884334656,8.17470288246946,1,87000,12.7656884334656,8.17470288246946,0,0
"55",13.0170028617465,9.21034037197618,4,155000,13.0170028617465,9.21034037197618,1,0
"56",10.2399597891573,3.2188758248682,1,62000,10.2399597891573,3.2188758248682,1,0
"59",13.3046849341983,8.55641390456952,3,291600,13.3046849341983,8.55641390456952,0,1
"60",NA,NA,3,140000,12.1262972596236,8.09367937048534,1,0
"62",13.6819791653398,9.21034037197618,4,425000,13.6819791653398,9.21034037197618,1,0
"63",11.2515607008358,NA,1,29600,11.2515607008358,8.09367937048534,1,0
"64",12.4292161968444,8.46589989702869,2,136000,12.4292161968444,8.46589989702869,0,1
"66",13.5923670066501,9.21034037197618,5,178660,13.5923670066501,9.21034037197618,0,1
"69",12.7656884334656,8.77955745588373,2,174500,12.7656884334656,8.77955745588373,0,1
"71",11.8493977015914,8.02289686960146,2,38500,11.8493977015914,8.02289686960146,1,0
"73",12.8992198260901,9.21034037197618,1,41700,12.8992198260901,9.21034037197618,0,0
"74",12.8992198260901,8.55641390456952,2,75370,12.8992198260901,8.55641390456952,0,0
"75",12.7798730684576,8.40065937516029,1,53300,12.7798730684576,8.40065937516029,1,0
"76",10.4631033404715,NA,1,22100,10.4631033404715,8.09367937048534,1,0
"78",9.74096862303835,NA,1,5000,9.74096862303835,8.09367937048534,1,0
"81",12.1547793511426,8.422882511945,3,57000,12.1547793511426,8.422882511945,1,0
"82",11.0821425488778,7.0475172213573,2,32600,11.0821425488778,7.0475172213573,1,0
"83",NA,NA,2,131000,12.1262972596236,8.09367937048534,1,0
"86",12.3013828253345,8.30647216010058,3,78000,12.3013828253345,8.30647216010058,1,0
"87",12.6760762747759,8.77955745588373,1,115000,12.6760762747759,8.77955745588373,1,0
"88",12.5061772379805,8.50714285556274,1,149400,12.5061772379805,8.50714285556274,1,0
"91",12.8479265317026,8.422882511945,3,76800,12.8479265317026,8.422882511945,0,0
"92",12.5061772379805,8.30647216010058,1,20000,12.5061772379805,8.30647216010058,0,1
"93",NA,NA,7,27000,12.1262972596236,8.09367937048534,1,0
"95",10.7144177687525,7.13089883029635,2,27400,10.7144177687525,7.13089883029635,1,0
"96",12.2258752728264,8.17470288246946,3,42500,12.2258752728264,8.17470288246946,1,0
"98",NA,NA,3,15200,12.1262972596236,8.09367937048534,1,0
"101",12.0435537160324,8.08641027532378,3,87930,12.0435537160324,8.08641027532378,1,0
"102",13.6231386653168,9.21034037197618,2,582000,13.6231386653168,9.21034037197618,1,0
"104",NA,NA,3,118000,12.1262972596236,8.09367937048534,1,0
"105",11.1562505210315,7.52294091807237,1,14500,11.1562505210315,7.52294091807237,0,1
"106",12.6115377536383,8.77955745588373,2,130400,12.6115377536383,8.77955745588373,1,0
"108",12.2060726455302,8.77955745588373,7,195780,12.2060726455302,8.77955745588373,1,0
"109",12.6115377536383,8.02289686960146,1,28300,12.6115377536383,8.02289686960146,0,1
"110",12.3013828253345,9.15904707758863,1,65000,12.3013828253345,9.15904707758863,1,0
"111",12.2060726455302,8.02289686960146,2,86180,12.2060726455302,8.02289686960146,0,1
"114",12.5776362019627,8.422882511945,2,310900,12.5776362019627,8.422882511945,1,0
"115",12.4292161968444,8.30647216010058,2,45600,12.4292161968444,8.30647216010058,1,0
"116",12.7656884334656,8.17470288246946,2,34500,12.7656884334656,8.17470288246946,1,0
"118",13.3046849341983,9.04782144247841,2,572000,13.3046849341983,9.04782144247841,0,1
"120",NA,NA,6,1e+05,12.1262972596236,8.09367937048534,1,0
"121",NA,NA,4,163500,12.1262972596236,8.09367937048534,1,0
"122",12.5389670608035,7.67322312112171,1,5990,12.5389670608035,7.67322312112171,0,1
"123",11.9183905730784,8.30647216010058,4,97800,11.9183905730784,8.30647216010058,1,0
"124",13.1223633774043,8.9226582995244,5,124400,13.1223633774043,8.9226582995244,1,0
"125",12.7656884334656,8.9226582995244,1,92500,12.7656884334656,8.9226582995244,1,0
"126",11.8130300574206,8.08641027532378,4,108000,11.8130300574206,8.08641027532378,0,1
"128",12.0435537160324,8.6569551337914,2,170000,12.0435537160324,8.6569551337914,1,0
"138",12.4292161968444,8.02289686960146,3,170000,12.4292161968444,8.02289686960146,0,0
"140",12.8992198260901,8.77955745588373,2,105000,12.8992198260901,8.77955745588373,0,1
"141",12.5425448821514,8.35467426191846,2,50100,12.5425448821514,8.35467426191846,1,0
"143",12.8992198260901,8.02289686960146,2,112400,12.8992198260901,8.02289686960146,0,1
"145",12.3013828253345,8.35467426191846,1,79200,12.3013828253345,8.35467426191846,1,0
"146",12.1007121298723,7.71868549519847,1,0,12.1007121298723,7.71868549519847,0,1
"147",13.0170028617465,8.77955745588373,2,102000,13.0170028617465,8.77955745588373,1,0
"149",12.6115377536383,8.22951111896446,2,86600,12.6115377536383,8.22951111896446,0,1
"150",12.3673407931263,8.48673398393153,2,100600,12.3673407931263,8.48673398393153,1,0
"151",13.6529916284665,8.9226582995244,1,422000,13.6529916284665,8.9226582995244,1,0
"152",13.5923670066501,9.21034037197618,4,320004,13.5923670066501,9.21034037197618,1,0
"154",12.6115377536383,8.46589989702869,5,141200,12.6115377536383,8.46589989702869,1,0
"155",11.6952470217642,7.84384863815247,4,115300,11.6952470217642,7.84384863815247,1,0
"156",12.2060726455302,8.77955745588373,2,95500,12.2060726455302,8.77955745588373,1,0
"158",13.2176735572087,8.48673398393153,1,19500,13.2176735572087,8.48673398393153,0,1
"160",12.6115377536383,8.55641390456952,2,85800,12.6115377536383,8.55641390456952,0,1
"161",NA,NA,1,0,12.1262972596236,8.09367937048534,1,0
"162",NA,NA,1,24300,12.1262972596236,8.09367937048534,0,1
"165",12.2548628096996,8.17470288246946,1,42000,12.2548628096996,8.17470288246946,1,0
"166",NA,NA,0,120514.719822813,12.1262972596236,8.09367937048534,1,0
"167",12.2060726455302,8.02289686960146,1,90100,12.2060726455302,8.02289686960146,1,0
"170",12.4292161968444,8.77955745588373,4,52000,12.4292161968444,8.77955745588373,1,0
"172",12.0435537160324,7.98956044933387,2,83760,12.0435537160324,7.98956044933387,1,0
"175",NA,NA,2,49100,12.1262972596236,8.09367937048534,1,0
"176",NA,NA,5,13100,12.1262972596236,8.09367937048534,1,0
"177",12.1388638958367,7.80384330353877,2,30400,12.1388638958367,7.80384330353877,0,0
"179",12.8992198260901,8.77955745588373,2,34400,12.8992198260901,8.77955745588373,0,0
"180",14.3378694175439,9.21034037197618,1,245000,14.3378694175439,9.21034037197618,1,0
"182",12.9715404876697,8.9226582995244,2,132500,12.9715404876697,8.9226582995244,1,0
"184",12.2548628096996,8.14612951002541,2,77910,12.2548628096996,8.14612951002541,1,0
"185",NA,NA,0,120514.719822813,12.1262972596236,8.09367937048534,0,0
"186",12.8992198260901,8.30647216010058,4,180000,12.8992198260901,8.30647216010058,0,1
"189",11.3504065354725,8.02289686960146,3,57400,11.3504065354725,8.02289686960146,1,0
"190",NA,NA,1,8800,12.1262972596236,8.09367937048534,1,0
"191",12.6115377536383,8.77955745588373,5,158000,12.6115377536383,8.77955745588373,0,1
"192",11.8130300574206,7.88231491898027,1,49900,11.8130300574206,7.88231491898027,1,0
"194",11.2252433925184,7.34601020991329,2,112200,11.2252433925184,7.34601020991329,1,0
"195",11.982929094216,7.80384330353877,7,82100,11.982929094216,7.80384330353877,1,0
"196",12.6115377536383,8.77955745588373,4,133000,12.6115377536383,8.77955745588373,1,0
"198",11.982929094216,8.77955745588373,5,130000,11.982929094216,8.77955745588373,1,0
"199",12.4008167223227,8.6569551337914,3,120000,12.4008167223227,8.6569551337914,1,0
"200",13.0389817684653,9.04782144247841,2,268000,13.0389817684653,9.04782144247841,1,0
"203",12.8076526325646,7.62559507213245,4,257000,12.8076526325646,7.62559507213245,1,0
"208",13.3046849341983,8.77955745588373,4,998300,13.3046849341983,8.77955745588373,0,1
"210",12.6115377536383,8.77955745588373,2,1e+05,12.6115377536383,8.77955745588373,0,1
"213",NA,NA,2,56000,12.1262972596236,8.09367937048534,1,0
"214",12.8346813049525,8.9226582995244,2,119000,12.8346813049525,8.9226582995244,0,1
"218",12.5425448821514,8.17470288246946,1,16800,12.5425448821514,8.17470288246946,1,0
"221",13.5923670066501,9.21034037197618,6,92900,13.5923670066501,9.21034037197618,0,0
"225",13.0170028617465,8.48673398393153,5,288500,13.0170028617465,8.48673398393153,0,0
"227",12.7068479334427,8.9226582995244,5,250200,12.7068479334427,8.9226582995244,1,0
"228",12.6603279178078,8.30647216010058,5,139000,12.6603279178078,8.30647216010058,0,0
"233",9.7981270368783,NA,1,46100,9.7981270368783,8.09367937048534,1,0
"235",9.90348755253613,7.0475172213573,1,2300,9.90348755253613,7.0475172213573,1,0
"236",12.6115377536383,8.17470288246946,1,87700,12.6115377536383,8.17470288246946,1,0
"238",12.2060726455302,8.422882511945,2,13600,12.2060726455302,8.422882511945,0,1
"239",12.3458345879053,7.80384330353877,4,166350,12.3458345879053,7.80384330353877,1,0
"241",11.0020998412042,7.34601020991329,1,28000,11.0020998412042,7.34601020991329,1,0
"243",12.4292161968444,8.55641390456952,1,27130,12.4292161968444,8.55641390456952,1,0
"244",12.8992198260901,9.15904707758863,3,148000,12.8992198260901,9.15904707758863,1,0
"245",12.8992198260901,8.55641390456952,2,91500,12.8992198260901,8.55641390456952,1,0
"249",12.7656884334656,8.55641390456952,1,13200,12.7656884334656,8.55641390456952,0,1
"250",13.4588356140255,9.21034037197618,4,258000,13.4588356140255,9.21034037197618,1,0
"253",12.1547793511426,8.02289686960146,1,4800,12.1547793511426,8.02289686960146,1,0
"254",12.4292161968444,8.55641390456952,2,91800,12.4292161968444,8.55641390456952,1,0
"257",NA,NA,2,52000,12.1262972596236,8.09367937048534,1,0
"258",NA,NA,5,90000,12.1262972596236,8.09367937048534,0,0
"259",11.4075649493124,7.13089883029635,2,57100,11.4075649493124,7.13089883029635,1,0
"260",12.1495022940418,7.80384330353877,2,1e+05,12.1495022940418,7.80384330353877,1,0
"261",11.9183905730784,8.02289686960146,1,77000,11.9183905730784,8.02289686960146,1,0
"262",13.1223633774043,9.04782144247841,2,273000,13.1223633774043,9.04782144247841,0,0
"264",12.9598444479066,8.17470288246946,2,148000,12.9598444479066,8.17470288246946,1,0
"265",12.6915804613119,8.6569551337914,3,181000,12.6915804613119,8.6569551337914,1,0
"267",12.0435537160324,8.422882511945,2,31000,12.0435537160324,8.422882511945,1,0
"268",11.8493977015914,7.7621706071382,2,38500,11.8493977015914,7.7621706071382,0,1
"269",11.982929094216,7.80384330353877,3,57100,11.982929094216,7.80384330353877,0,1
"270",12.8992198260901,8.9226582995244,4,184000,12.8992198260901,8.9226582995244,0,1
"271",13.0170028617465,8.55641390456952,4,190100,13.0170028617465,8.55641390456952,1,0
"273",12.5245263766487,8.30647216010058,2,162000,12.5245263766487,8.30647216010058,1,0
"274",12.0782392740203,8.4446224985814,4,36200,12.0782392740203,8.4446224985814,1,0
"276",12.1281111040605,7.7621706071382,1,59000,12.1281111040605,7.7621706071382,1,0
"277",13.0389817684653,9.21034037197618,1,230000,13.0389817684653,9.21034037197618,1,0
"279",12.0725412529057,8.48673398393153,2,10100,12.0725412529057,8.48673398393153,1,0
"282",12.7656884334656,8.77955745588373,3,175000,12.7656884334656,8.77955745588373,1,0
"283",12.6115377536383,8.6569551337914,2,243900,12.6115377536383,8.6569551337914,0,1
"285",12.4292161968444,7.80384330353877,1,74000,12.4292161968444,7.80384330353877,0,0
"286",12.6915804613119,8.20248244657654,2,92890,12.6915804613119,8.20248244657654,0,1
"287",11.9766594812024,8.11671562481911,2,95000,11.9766594812024,8.11671562481911,1,0
"288",NA,NA,1,62010,12.1262972596236,8.09367937048534,1,0
"289",12.5776362019627,8.48673398393153,2,432900,12.5776362019627,8.48673398393153,1,0
"291",14.3378694175439,9.21034037197618,4,592000,14.3378694175439,9.21034037197618,1,0
"292",12.3458345879053,8.6569551337914,6,118000,12.3458345879053,8.6569551337914,0,1
"293",11.0020998412042,8.17470288246946,4,18000,11.0020998412042,8.17470288246946,1,0
"294",11.0666383623418,7.34601020991329,1,50000,11.0666383623418,7.34601020991329,1,0
"296",11.8493977015914,8.422882511945,1,12000,11.8493977015914,8.422882511945,0,0
"297",12.5425448821514,8.22951111896446,1,77900,12.5425448821514,8.22951111896446,0,1
"299",11.289781913656,7.98956044933387,2,103400,11.289781913656,7.98956044933387,0,1
"301",11.1418617835794,6.82979373751242,1,12000,11.1418617835794,6.82979373751242,1,0
"302",NA,NA,1,65000,12.1262972596236,8.09367937048534,0,1
"303",NA,NA,0,120514.719822813,12.1262972596236,8.09367937048534,1,0
"305",12.7656884334656,8.77955745588373,2,113620,12.7656884334656,8.77955745588373,1,0
"306",11.6262541502772,7.40853056689463,1,15900,11.6262541502772,7.40853056689463,1,0
"307",13.0170028617465,9.04782144247841,2,185000,13.0170028617465,9.04782144247841,1,0
"308",11.982929094216,6.05208916892442,1,43000,11.982929094216,6.05208916892442,1,0
"309",NA,NA,1,10000,12.1262972596236,8.09367937048534,1,0
"310",11.8844890214027,7.84384863815247,4,77700,11.8844890214027,7.84384863815247,0,1
"311",11.9183905730784,8.55641390456952,4,158000,11.9183905730784,8.55641390456952,1,0
"312",12.5776362019627,8.48673398393153,1,68000,12.5776362019627,8.48673398393153,1,0
"314",12.7656884334656,8.17470288246946,4,80500,12.7656884334656,8.17470288246946,0,1
"315",11.7199396343546,7.34601020991329,2,103000,11.7199396343546,7.34601020991329,1,0
"316",12.2060726455302,9.04782144247841,2,84000,12.2060726455302,9.04782144247841,1,0
"317",NA,NA,5,30600,12.1262972596236,8.09367937048534,1,0
"318",14.3378694175439,9.21034037197618,3,481500,14.3378694175439,9.21034037197618,1,0
"320",11.1562505210315,7.13089883029635,3,21900,11.1562505210315,7.13089883029635,1,0
"321",NA,NA,2,99500,12.1262972596236,8.09367937048534,1,0
"324",NA,NA,0,120514.719822813,12.1262972596236,8.09367937048534,1,0
"326",10.6261935353376,7.13089883029635,3,80420,10.6261935353376,7.13089883029635,1,0
"327",12.7656884334656,8.6569551337914,4,491000,12.7656884334656,8.6569551337914,0,1
"328",12.1547793511426,8.14612951002541,1,24200,12.1547793511426,8.14612951002541,1,0
"330",11.7752897294377,7.62559507213245,2,87000,11.7752897294377,7.62559507213245,1,0
"333",12.8212582846204,8.77955745588373,4,149600,12.8212582846204,8.77955745588373,1,0
"335",12.5425448821514,8.6569551337914,3,246800,12.5425448821514,8.6569551337914,1,0
"337",12.7656884334656,8.6569551337914,2,376000,12.7656884334656,8.6569551337914,0,1
"340",10.1658518170036,7.20785987143248,5,26000,10.1658518170036,7.20785987143248,1,0
"341",12.7656884334656,8.55641390456952,1,88000,12.7656884334656,8.55641390456952,1,0
"342",12.6115377536383,8.77955745588373,2,80300,12.6115377536383,8.77955745588373,0,0
"343",13.3046849341983,8.77955745588373,4,198380,13.3046849341983,8.77955745588373,0,1
"344",NA,NA,0,120514.719822813,12.1262972596236,8.09367937048534,1,0
"345",9.90348755253613,NA,3,18400,9.90348755253613,8.09367937048534,1,0
"346",11.6082356447746,7.46737106691756,2,96600,11.6082356447746,7.46737106691756,0,1
"349",12.8992198260901,8.6569551337914,2,65800,12.8992198260901,8.6569551337914,0,0
"352",NA,NA,4,71900,12.1262972596236,8.09367937048534,0,1
"353",12.3238556811866,8.22951111896446,1,98000,12.3238556811866,8.22951111896446,1,0
"354",13.1223633774043,9.21034037197618,5,120000,13.1223633774043,9.21034037197618,1,0
"357",NA,NA,1,30000,12.1262972596236,8.09367937048534,0,1
"358",12.3458345879053,8.25582842728183,1,102000,12.3458345879053,8.25582842728183,1,0
"361",11.2252433925184,7.34601020991329,2,72000,11.2252433925184,7.34601020991329,1,0
"362",12.8992198260901,9.15904707758863,2,200100,12.8992198260901,9.15904707758863,1,0
"363",12.3883942023241,7.88231491898027,2,210008,12.3883942023241,7.88231491898027,0,1
"365",11.4075649493124,7.84384863815247,2,36700,11.4075649493124,7.84384863815247,0,1
"366",12.8479265317026,9.04782144247841,2,150500,12.8479265317026,9.04782144247841,1,0
"367",12.5425448821514,8.35467426191846,2,129680,12.5425448821514,8.35467426191846,1,0
"369",12.7656884334656,8.422882511945,2,63800,12.7656884334656,8.422882511945,0,1
"370",12.4292161968444,7.84384863815247,2,147510,12.4292161968444,7.84384863815247,0,1
"372",NA,NA,6,35000,12.1262972596236,8.09367937048534,1,0
"373",12.3883942023241,8.30647216010058,4,205000,12.3883942023241,8.30647216010058,0,1
"374",12.0725412529057,7.84384863815247,2,74920,12.0725412529057,7.84384863815247,1,0
"376",10.3089526606443,NA,2,50800,10.3089526606443,8.09367937048534,1,0
"377",13.1460799040216,8.77955745588373,2,220400,13.1460799040216,8.77955745588373,0,0
"380",12.4252081754468,8.25582842728183,2,188900,12.4252081754468,8.25582842728183,1,0
"382",13.5923670066501,9.21034037197618,2,128500,13.5923670066501,9.21034037197618,1,0
"383",14.3378694175439,8.77955745588373,1,55700,14.3378694175439,8.77955745588373,1,0
"384",12.8992198260901,9.04782144247841,3,263100,12.8992198260901,9.04782144247841,1,0
"385",12.6915804613119,8.77955745588373,2,81040,12.6915804613119,8.77955745588373,1,0
"388",NA,NA,2,48000,12.1262972596236,8.09367937048534,1,0
"391",11.8130300574206,7.84384863815247,2,70002,11.8130300574206,7.84384863815247,0,1
"392",12.2060726455302,7.80384330353877,2,50300,12.2060726455302,7.80384330353877,0,1
"393",12.6115377536383,8.4446224985814,3,83740,12.6115377536383,8.4446224985814,1,0
"395",12.0725412529057,8.02289686960146,4,123000,12.0725412529057,8.02289686960146,1,0
"396",10.8967393255464,7.62559507213245,1,24500,10.8967393255464,7.62559507213245,1,0
"397",NA,NA,2,65900,12.1262972596236,8.09367937048534,1,0
"399",12.8346813049525,8.6569551337914,2,187000,12.8346813049525,8.6569551337914,0,1
"400",12.9480099902596,8.55641390456952,2,127100,12.9480099902596,8.55641390456952,1,0
"401",12.7218858108072,8.6569551337914,3,142000,12.7218858108072,8.6569551337914,1,0
"402",11.47210347045,7.27931883541462,2,48401,11.47210347045,7.27931883541462,1,0
"404",12.9239124386805,8.55641390456952,3,218000,12.9239124386805,8.55641390456952,0,1
"405",12.1547793511426,8.30647216010058,2,120000,12.1547793511426,8.30647216010058,0,1
"406",11.4075649493124,7.62559507213245,2,90100,11.4075649493124,7.62559507213245,1,0
"409",12.8992198260901,8.9226582995244,4,130000,12.8992198260901,8.9226582995244,1,0
"410",13.1223633774043,9.04782144247841,2,196900,13.1223633774043,9.04782144247841,0,1
"411",NA,NA,8,70870,12.1262972596236,8.09367937048534,1,0
"412",12.6081988523728,8.02289686960146,4,220000,12.6081988523728,8.02289686960146,1,0
"414",11.9183905730784,8.37793112408273,2,39900,11.9183905730784,8.37793112408273,0,1
"416",NA,NA,1,104000,12.1262972596236,8.09367937048534,1,0
"418",12.1281111040605,8.40065937516029,3,84900,12.1281111040605,8.40065937516029,0,1
"420",9.43348392329039,NA,5,91500,9.43348392329039,8.09367937048534,1,0
"423",12.5245263766487,8.20248244657654,2,123510,12.5245263766487,8.20248244657654,1,0
"425",11.6952470217642,7.88231491898027,4,61300,11.6952470217642,7.88231491898027,1,0
"426",12.2548628096996,8.35467426191846,5,145210,12.2548628096996,8.35467426191846,1,0
"428",12.0435537160324,8.6569551337914,2,95000,12.0435537160324,8.6569551337914,0,1
"431",12.0725412529057,NA,2,80000,12.0725412529057,8.09367937048534,0,0
"432",10.8197782844103,3.2188758248682,1,34500,10.8197782844103,3.2188758248682,1,0
"433",12.9598444479066,9.04782144247841,1,1e+05,12.9598444479066,9.04782144247841,1,0
"434",NA,NA,1,18000,12.1262972596236,8.09367937048534,1,0
"435",13.2176735572087,9.21034037197618,2,532000,13.2176735572087,9.21034037197618,1,0
"437",NA,NA,1,85000,12.1262972596236,8.09367937048534,1,0
"438",13.5923670066501,9.21034037197618,2,150000,13.5923670066501,9.21034037197618,0,1
"441",12.1007121298723,7.40853056689463,2,50200,12.1007121298723,7.40853056689463,0,1
"443",10.7144177687525,7.20785987143248,1,35000,10.7144177687525,7.20785987143248,1,0
"445",12.6915804613119,8.55641390456952,2,83000,12.6915804613119,8.55641390456952,1,0
"446",12.6115377536383,8.77955745588373,1,60600,12.6115377536383,8.77955745588373,1,0
"448",11.9183905730784,7.20785987143248,1,26900,11.9183905730784,7.20785987143248,0,1
"449",12.6915804613119,7.67322312112171,2,81400,12.6915804613119,7.67322312112171,0,0
"451",12.7454857261481,8.40065937516029,1,68000,12.7454857261481,8.40065937516029,0,1
"452",12.6760762747759,8.35467426191846,5,179000,12.6760762747759,8.35467426191846,0,1
"453",11.8493977015914,8.02289686960146,1,26000,11.8493977015914,8.02289686960146,1,0
"454",12.1547793511426,8.08641027532378,5,33900,12.1547793511426,8.08641027532378,1,0
"455",12.2060726455302,7.84384863815247,2,88900,12.2060726455302,7.84384863815247,1,0
"456",NA,NA,4,182300,12.1262972596236,8.09367937048534,1,0
"458",12.2060726455302,NA,2,42000,12.2060726455302,8.09367937048534,1,0
"459",12.2548628096996,8.77955745588373,1,447000,12.2548628096996,8.77955745588373,1,0
"460",11.5129254649702,7.71868549519847,2,154600,11.5129254649702,7.71868549519847,1,0
"461",11.5129254649702,7.34601020991329,3,165000,11.5129254649702,7.34601020991329,1,0
"463",12.8992198260901,8.9226582995244,2,422000,12.8992198260901,8.9226582995244,0,1
"464",12.7656884334656,8.422882511945,2,40800,12.7656884334656,8.422882511945,0,0
"466",12.5245263766487,8.25582842728183,3,10400,12.5245263766487,8.25582842728183,1,0
"469",12.3883942023241,7.80384330353877,2,45740,12.3883942023241,7.80384330353877,0,1
"470",12.8739020181058,9.04782144247841,3,207000,12.8739020181058,9.04782144247841,1,0
"471",11.0020998412042,7.40853056689463,1,18000,11.0020998412042,7.40853056689463,1,0
"472",NA,NA,3,131000,12.1262972596236,8.09367937048534,1,0
"482",12.0725412529057,NA,1,24000,12.0725412529057,8.09367937048534,1,0
"486",14.3378694175439,9.21034037197618,2,422000,14.3378694175439,9.21034037197618,0,1
"487",12.6115377536383,8.02289686960146,2,21400,12.6115377536383,8.02289686960146,0,1
"488",12.3238556811866,7.9550742732627,1,110000,12.3238556811866,7.9550742732627,1,0
"489",NA,NA,4,74500,12.1262972596236,8.09367937048534,1,0
"490",10.8177762817396,4.31748811353631,4,58000,10.8177762817396,4.31748811353631,1,0
"491",12.6115377536383,8.422882511945,3,45000,12.6115377536383,8.422882511945,0,1
"492",NA,NA,0,120514.719822813,12.1262972596236,8.09367937048534,1,0
"493",NA,NA,2,123000,12.1262972596236,8.09367937048534,1,0
"495",11.6082356447746,7.20785987143248,1,33300,11.6082356447746,7.20785987143248,0,0
"497",NA,NA,2,12600,12.1262972596236,8.09367937048534,0,1
"500",12.1281111040605,7.84384863815247,1,1e+05,12.1281111040605,7.84384863815247,1,0
"504",13.3046849341983,8.77955745588373,2,108000,13.3046849341983,8.77955745588373,0,1
"506",11.5129254649702,7.52294091807237,1,39400,11.5129254649702,7.52294091807237,1,0
"508",NA,NA,1,41400,12.1262972596236,8.09367937048534,1,0
"509",12.2060726455302,8.30647216010058,3,166500,12.2060726455302,8.30647216010058,0,1
"512",12.2060726455302,8.22951111896446,1,62900,12.2060726455302,8.22951111896446,1,0
"513",11.0666383623418,7.27931883541462,5,108500,11.0666383623418,7.27931883541462,1,0
"515",11.0020998412042,7.57558465155779,2,4900,11.0020998412042,7.57558465155779,1,0
"516",12.5245263766487,8.02289686960146,4,260000,12.5245263766487,8.02289686960146,0,1
"518",12.5776362019627,7.7621706071382,2,105200,12.5776362019627,7.7621706071382,0,0
"520",NA,NA,2,32000,12.1262972596236,8.09367937048534,0,1
"524",12.4292161968444,8.05515773181968,2,61200,12.4292161968444,8.05515773181968,0,1
"525",NA,NA,6,24800,12.1262972596236,8.09367937048534,1,0
"526",10.7144177687525,7.13089883029635,1,44010,10.7144177687525,7.13089883029635,1,0
"527",12.2060726455302,8.50714285556274,2,51200,12.2060726455302,8.50714285556274,0,1
"528",11.2252433925184,7.27931883541462,2,58900,11.2252433925184,7.27931883541462,1,0
"529",8.51719319141624,NA,2,67000,8.51719319141624,8.09367937048534,1,0
"530",12.3238556811866,8.33086361322474,3,106600,12.3238556811866,8.33086361322474,1,0
"532",11.4616321705827,NA,2,67000,11.4616321705827,8.09367937048534,1,0
"533",12.7068479334427,8.55641390456952,2,151500,12.7068479334427,8.55641390456952,1,0
"534",12.3673407931263,8.17470288246946,1,10000,12.3673407931263,8.17470288246946,0,1
"535",12.6915804613119,8.14612951002541,2,22000,12.6915804613119,8.14612951002541,0,1
"536",12.5245263766487,8.25582842728183,2,193000,12.5245263766487,8.25582842728183,0,0
"537",12.8992198260901,9.21034037197618,2,150000,12.8992198260901,9.21034037197618,0,0
"538",NA,NA,1,33060,12.1262972596236,8.09367937048534,1,0
"539",11.0821425488778,7.34601020991329,2,31500,11.0821425488778,7.34601020991329,1,0
"540",11.7752897294377,8.25582842728183,2,89800,11.7752897294377,8.25582842728183,1,0
"541",12.8992198260901,8.77955745588373,4,130300,12.8992198260901,8.77955745588373,0,1
"542",11.9183905730784,8.6569551337914,1,105000,11.9183905730784,8.6569551337914,1,0
"545",12.0137007528827,7.91935619066062,2,73940,12.0137007528827,7.91935619066062,0,1
"546",12.0435537160324,8.02289686960146,1,42800,12.0435537160324,8.02289686960146,1,0
"547",12.2060726455302,7.62559507213245,2,58000,12.2060726455302,7.62559507213245,0,1
"548",12.8346813049525,8.77955745588373,2,221000,12.8346813049525,8.77955745588373,1,0
"550",12.2060726455302,7.84384863815247,4,94500,12.2060726455302,7.84384863815247,0,1
"552",12.6946526603488,8.48673398393153,3,163000,12.6946526603488,8.48673398393153,0,1
"554",12.1281111040605,8.35467426191846,2,270000,12.1281111040605,8.35467426191846,1,0
"557",12.2060726455302,8.55641390456952,2,60000,12.2060726455302,8.55641390456952,1,0
"558",12.2060726455302,7.88231491898027,1,2000,12.2060726455302,7.88231491898027,0,1
"560",NA,NA,1,9000,12.1262972596236,8.09367937048534,1,0
"563",13.1223633774043,9.15904707758863,4,95000,13.1223633774043,9.15904707758863,0,1
"567",13.3046849341983,9.21034037197618,1,229800,13.3046849341983,9.21034037197618,1,0
"568",12.2548628096996,8.55641390456952,3,170200,12.2548628096996,8.55641390456952,1,0
"571",NA,NA,1,58000,12.1262972596236,8.09367937048534,1,0
"575",12.2060726455302,8.17470288246946,1,90000,12.2060726455302,8.17470288246946,1,0
"576",12.7656884334656,8.25582842728183,4,77000,12.7656884334656,8.25582842728183,0,1
"577",12.2548628096996,8.14612951002541,3,117000,12.2548628096996,8.14612951002541,1,0
"579",13.0170028617465,8.77955745588373,4,195000,13.0170028617465,8.77955745588373,1,0
"582",12.4292161968444,8.422882511945,2,44600,12.4292161968444,8.422882511945,1,0
"583",12.1547793511426,7.7621706071382,2,58000,12.1547793511426,7.7621706071382,1,0
"585",12.2060726455302,8.25582842728183,3,104000,12.2060726455302,8.25582842728183,1,0
"587",12.6115377536383,8.17470288246946,3,50550,12.6115377536383,8.17470288246946,0,1
"588",NA,NA,5,67000,12.1262972596236,8.09367937048534,1,0
"589",11.9183905730784,8.17470288246946,1,35800,11.9183905730784,8.17470288246946,0,0
"590",11.6082356447746,7.7621706071382,3,120650,11.6082356447746,7.7621706071382,1,0
"592",14.3378694175439,9.21034037197618,2,31000,14.3378694175439,9.21034037197618,1,0
"595",NA,NA,3,11630,12.1262972596236,8.09367937048534,1,0
"599",12.1172414318236,8.14612951002541,5,115080,12.1172414318236,8.14612951002541,1,0
"601",12.5425448821514,8.08641027532378,1,67000,12.5425448821514,8.08641027532378,1,0
"602",11.1562505210315,7.13089883029635,2,44000,11.1562505210315,7.13089883029635,1,0
"603",NA,NA,0,120514.719822813,12.1262972596236,8.09367937048534,1,0
"604",11.7360690162844,7.80384330353877,4,113920,11.7360690162844,7.80384330353877,0,1
"605",9.85219425814858,8.28147085789517,2,41900,9.85219425814858,8.28147085789517,1,0
"607",13.1223633774043,9.21034037197618,3,538880,13.1223633774043,9.21034037197618,0,0
"609",12.6115377536383,7.9550742732627,2,122430,12.6115377536383,7.9550742732627,1,0
"610",12.2060726455302,8.6569551337914,1,15200,12.2060726455302,8.6569551337914,1,0
"614",12.2060726455302,7.62559507213245,2,83400,12.2060726455302,7.62559507213245,0,1
"615",12.6115377536383,8.30647216010058,4,130000,12.6115377536383,8.30647216010058,1,0
"616",12.8992198260901,8.30647216010058,2,48000,12.8992198260901,8.30647216010058,0,1
"618",12.7656884334656,8.33086361322474,2,113710,12.7656884334656,8.33086361322474,1,0
"619",12.0435537160324,7.88231491898027,2,39100,12.0435537160324,7.88231491898027,0,1
"620",14.3378694175439,9.21034037197618,1,123200,14.3378694175439,9.21034037197618,0,1
"621",12.2060726455302,8.25582842728183,1,125000,12.2060726455302,8.25582842728183,1,0
"622",12.8346813049525,8.48673398393153,2,217000,12.8346813049525,8.48673398393153,0,1
"623",13.0170028617465,8.77955745588373,4,131400,13.0170028617465,8.77955745588373,0,1
"624",12.1495022940418,7.84384863815247,3,180000,12.1495022940418,7.84384863815247,1,0
"625",12.1007121298723,8.77955745588373,1,45000,12.1007121298723,8.77955745588373,1,0
"626",11.5617156291397,7.20785987143248,2,165000,11.5617156291397,7.20785987143248,1,0
"628",NA,NA,4,45800,12.1262972596236,8.09367937048534,1,0
"629",13.3534750983677,9.04782144247841,2,313000,13.3534750983677,9.04782144247841,0,0
"630",12.7656884334656,9.21034037197618,4,2e+05,12.7656884334656,9.21034037197618,1,0
"637",NA,NA,2,77000,12.1262972596236,8.09367937048534,1,0
"638",NA,NA,4,57100,12.1262972596236,8.09367937048534,1,0
"639",11.5129254649702,7.34601020991329,1,14950,11.5129254649702,7.34601020991329,1,0
"640",12.6115377536383,8.35467426191846,2,47800,12.6115377536383,8.35467426191846,1,0
"641",12.1117619660589,8.6569551337914,1,57000,12.1117619660589,8.6569551337914,1,0
"642",12.1281111040605,8.40065937516029,2,40700,12.1281111040605,8.40065937516029,0,1
"646",12.9239124386805,9.04782144247841,2,470800,12.9239124386805,9.04782144247841,1,0
"647",10.4631033404715,3.2188758248682,4,130000,10.4631033404715,3.2188758248682,1,0
"648",12.2060726455302,8.25582842728183,2,113600,12.2060726455302,8.25582842728183,1,0
"652",12.4684369099977,8.30647216010058,4,137000,12.4684369099977,8.30647216010058,1,0
"653",12.5245263766487,8.77955745588373,2,131800,12.5245263766487,8.77955745588373,1,0
"654",12.2060726455302,8.48673398393153,2,93330,12.2060726455302,8.48673398393153,0,1
"655",12.4292161968444,8.20248244657654,2,125000,12.4292161968444,8.20248244657654,1,0
"657",11.9183905730784,8.17470288246946,2,113000,11.9183905730784,8.17470288246946,1,0
"660",11.0020998412042,7.62559507213245,2,72300,11.0020998412042,7.62559507213245,1,0
"662",13.2176735572087,9.04782144247841,2,75140,13.2176735572087,9.04782144247841,1,0
"664",12.8992198260901,8.55641390456952,3,122240,12.8992198260901,8.55641390456952,0,1
"667",13.1223633774043,9.21034037197618,3,82800,13.1223633774043,9.21034037197618,0,0
"668",11.289781913656,6.71538338633468,4,41000,11.289781913656,6.71538338633468,1,0
"676",12.6115377536383,8.33086361322474,2,77500,12.6115377536383,8.33086361322474,1,0
"677",12.0435537160324,8.20248244657654,3,67000,12.0435537160324,8.20248244657654,1,0
"679",13.0170028617465,8.6569551337914,2,192600,13.0170028617465,8.6569551337914,1,0
"683",NA,NA,2,28000,12.1262972596236,8.09367937048534,1,0
"684",12.7656884334656,8.77955745588373,4,64000,12.7656884334656,8.77955745588373,0,1
"686",13.2356920627113,8.9226582995244,2,171200,13.2356920627113,8.9226582995244,1,0
"687",13.1993244185405,9.21034037197618,2,277000,13.1993244185405,9.21034037197618,1,0
"689",13.0170028617465,8.77955745588373,4,205150,13.0170028617465,8.77955745588373,1,0
"693",11.9183905730784,8.08641027532378,4,153424,11.9183905730784,8.08641027532378,1,0
"696",12.6115377536383,8.77955745588373,4,101000,12.6115377536383,8.77955745588373,1,0
"699",12.7656884334656,8.25582842728183,2,52500,12.7656884334656,8.25582842728183,0,0
"701",14.3378694175439,8.48673398393153,3,432200,14.3378694175439,8.48673398393153,1,0
"702",13.3847276418718,9.04782144247841,3,246300,13.3847276418718,9.04782144247841,0,1
"703",NA,NA,2,9000,12.1262972596236,8.09367937048534,1,0
"704",12.7656884334656,8.6569551337914,2,31700,12.7656884334656,8.6569551337914,0,1
"707",12.3883942023241,9.15904707758863,3,110000,12.3883942023241,9.15904707758863,0,1
"708",13.2176735572087,8.77955745588373,2,179200,13.2176735572087,8.77955745588373,0,0
"712",12.3013828253345,8.37793112408273,2,65000,12.3013828253345,8.37793112408273,1,0
"713",13.0170028617465,8.9226582995244,3,323110,13.0170028617465,8.9226582995244,1,0
"714",12.7656884334656,8.77955745588373,2,154100,12.7656884334656,8.77955745588373,1,0
"715",10.1658518170036,7.27931883541462,2,68600,10.1658518170036,7.27931883541462,1,0
"716",13.0170028617465,8.9226582995244,5,542000,13.0170028617465,8.9226582995244,1,0
"717",12.8992198260901,8.77955745588373,7,28300,12.8992198260901,8.77955745588373,1,0
"718",12.0725412529057,8.30647216010058,3,173000,12.0725412529057,8.30647216010058,1,0
"719",NA,NA,4,77000,12.1262972596236,8.09367937048534,1,0
"721",12.8992198260901,8.9226582995244,2,166000,12.8992198260901,8.9226582995244,1,0
"722",12.594730635322,8.55641390456952,2,70700,12.594730635322,8.55641390456952,1,0
"724",13.5278284855125,9.21034037197618,4,550000,13.5278284855125,9.21034037197618,1,0
"725",11.7360690162844,7.52294091807237,2,99500,11.7360690162844,7.52294091807237,1,0
"727",12.9598444479066,8.9226582995244,2,131300,12.9598444479066,8.9226582995244,1,0
"730",12.0725412529057,8.30647216010058,1,40000,12.0725412529057,8.30647216010058,1,0
"731",14.3378694175439,9.21034037197618,2,158000,14.3378694175439,9.21034037197618,1,0
"732",12.0376539939052,7.62559507213245,2,149000,12.0376539939052,7.62559507213245,1,0
"733",NA,NA,0,120514.719822813,12.1262972596236,8.09367937048534,1,0
"734",11.6082356447746,8.02289686960146,1,13200,11.6082356447746,8.02289686960146,1,0
"735",NA,NA,3,14000,12.1262972596236,8.09367937048534,1,0
"738",12.7068479334427,8.17470288246946,2,160000,12.7068479334427,8.17470288246946,1,0
"739",12.5425448821514,8.48673398393153,2,110650,12.5425448821514,8.48673398393153,0,1
"741",NA,NA,2,60000,12.1262972596236,8.09367937048534,1,0
"742",NA,NA,2,64000,12.1262972596236,8.09367937048534,1,0
"743",NA,NA,2,50904,12.1262972596236,8.09367937048534,1,0
"745",NA,NA,1,11200,12.1262972596236,8.09367937048534,0,0
"746",12.1547793511426,8.20248244657654,3,61500,12.1547793511426,8.20248244657654,1,0
"747",12.4292161968444,8.20248244657654,2,135000,12.4292161968444,8.20248244657654,0,1
"748",12.8992198260901,9.15904707758863,2,244200,12.8992198260901,9.15904707758863,1,0
"753",11.7752897294377,7.91935619066062,2,113001,11.7752897294377,7.91935619066062,1,0
"754",12.6115377536383,8.55641390456952,4,286000,12.6115377536383,8.55641390456952,1,0
"757",12.3458345879053,8.17470288246946,2,91000,12.3458345879053,8.17470288246946,1,0
"758",NA,NA,0,120514.719822813,12.1262972596236,8.09367937048534,1,0
"760",14.3378694175439,9.21034037197618,3,53500,14.3378694175439,9.21034037197618,0,0
"761",NA,NA,2,19000,12.1262972596236,8.09367937048534,1,0
"764",12.5061772379805,8.02289686960146,3,55000,12.5061772379805,8.02289686960146,1,0
"765",12.1547793511426,7.88231491898027,2,29350,12.1547793511426,7.88231491898027,0,1
"768",12.4292161968444,8.11671562481911,2,144500,12.4292161968444,8.11671562481911,0,1
"769",11.8493977015914,7.67322312112171,1,70000,11.8493977015914,7.67322312112171,0,1
"772",12.4292161968444,8.30647216010058,2,46400,12.4292161968444,8.30647216010058,0,0
"776",11.6952470217642,7.40853056689463,1,88004,11.6952470217642,7.40853056689463,1,0
"778",NA,NA,2,5000,12.1262972596236,8.09367937048534,1,0
"779",9.21034037197618,NA,2,11600,9.21034037197618,8.09367937048534,1,0
"780",12.1007121298723,8.02289686960146,2,70000,12.1007121298723,8.02289686960146,0,1
"781",12.3238556811866,8.17470288246946,1,45000,12.3238556811866,8.17470288246946,1,0
"782",12.4684369099977,8.30647216010058,1,75000,12.4684369099977,8.30647216010058,0,0
"784",12.3673407931263,7.80384330353877,4,189400,12.3673407931263,7.80384330353877,1,0
"785",NA,NA,2,49000,12.1262972596236,8.09367937048534,1,0
"787",13.279367126214,8.9226582995244,5,282600,13.279367126214,8.9226582995244,0,1
"788",NA,NA,2,28500,12.1262972596236,8.09367937048534,1,0
"789",12.9480099902596,8.77955745588373,2,247600,12.9480099902596,8.77955745588373,1,0
"790",12.7656884334656,6.95654544315157,2,150000,12.7656884334656,6.95654544315157,1,0
"791",12.0435537160324,8.30647216010058,2,13200,12.0435537160324,8.30647216010058,1,0
"792",NA,NA,1,226000,12.1262972596236,8.09367937048534,0,1
"794",NA,NA,3,64000,12.1262972596236,8.09367937048534,1,0
"795",12.2060726455302,8.50714285556274,2,47730,12.2060726455302,8.50714285556274,1,0
"796",14.3378694175439,9.21034037197618,3,315000,14.3378694175439,9.21034037197618,0,1
"798",12.0137007528827,7.84384863815247,4,127900,12.0137007528827,7.84384863815247,0,1
"799",8.00636756765025,3.2188758248682,4,89300,8.00636756765025,3.2188758248682,1,0
"801",12.4292161968444,8.77955745588373,4,1e+05,12.4292161968444,8.77955745588373,1,0
"802",12.2060726455302,8.30647216010058,3,133000,12.2060726455302,8.30647216010058,1,0
"805",12.8346813049525,8.77955745588373,4,143000,12.8346813049525,8.77955745588373,1,0
"809",12.1281111040605,8.08641027532378,4,125100,12.1281111040605,8.08641027532378,1,0
"813",12.7512996960135,9.04782144247841,3,132000,12.7512996960135,9.04782144247841,1,0
"815",12.7248664389453,8.30647216010058,1,23200,12.7248664389453,8.30647216010058,1,0
"816",12.4874851049684,7.9550742732627,1,36004,12.4874851049684,7.9550742732627,0,1
"817",12.1007121298723,8.55641390456952,3,26800,12.1007121298723,8.55641390456952,0,1
"818",12.5776362019627,8.55641390456952,5,109300,12.5776362019627,8.55641390456952,1,0
"823",12.1547793511426,7.62559507213245,2,52000,12.1547793511426,7.62559507213245,0,1
"824",13.6819791653398,8.9226582995244,3,471000,13.6819791653398,8.9226582995244,0,0
"825",NA,NA,0,120514.719822813,12.1262972596236,8.09367937048534,1,0
"827",12.1281111040605,7.7621706071382,2,92000,12.1281111040605,7.7621706071382,0,1
"828",12.6115377536383,8.55641390456952,2,142000,12.6115377536383,8.55641390456952,0,1
"829",14.3378694175439,9.21034037197618,2,845000,14.3378694175439,9.21034037197618,0,1
"834",11.7360690162844,7.84384863815247,2,86400,11.7360690162844,7.84384863815247,1,0
"835",12.4568313638774,8.30647216010058,5,153000,12.4568313638774,8.30647216010058,1,0
"836",NA,NA,1,54200,12.1262972596236,8.09367937048534,1,0
"837",9.61580548008435,3.2188758248682,1,41400,9.61580548008435,3.2188758248682,1,0
"838",12.1807548375459,7.62559507213245,1,28000,12.1807548375459,7.62559507213245,1,0
"840",12.2060726455302,7.84384863815247,5,122000,12.2060726455302,7.84384863815247,1,0
"841",NA,NA,4,27700,12.1262972596236,8.09367937048534,1,0
"842",13.3847276418718,8.9226582995244,2,243000,13.3847276418718,8.9226582995244,1,0
"844",11.7360690162844,8.25582842728183,2,28530,11.7360690162844,8.25582842728183,1,0
"846",12.8992198260901,7.62559507213245,7,157700,12.8992198260901,7.62559507213245,0,1
"849",13.0170028617465,9.21034037197618,3,330000,13.0170028617465,9.21034037197618,1,0
"850",NA,NA,1,2500,12.1262972596236,8.09367937048534,1,0
"851",12.6115377536383,8.55641390456952,4,110100,12.6115377536383,8.55641390456952,1,0
"852",12.8479265317026,8.422882511945,1,68000,12.8479265317026,8.422882511945,0,1
"853",9.21034037197618,7.62559507213245,2,29200,9.21034037197618,7.62559507213245,1,0
"857",11.9183905730784,7.84384863815247,2,86500,11.9183905730784,7.84384863815247,1,0
"858",12.8479265317026,NA,0,120514.719822813,12.8479265317026,8.09367937048534,1,0
"859",12.7656884334656,8.77955745588373,2,183300,12.7656884334656,8.77955745588373,1,0
"863",12.1007121298723,7.20785987143248,3,143000,12.1007121298723,7.20785987143248,1,0
"866",12.3238556811866,6.4377516497364,3,129000,12.3238556811866,6.4377516497364,1,0
"870",12.5425448821514,8.02289686960146,1,35960,12.5425448821514,8.02289686960146,0,1
"872",12.7938593104323,9.15904707758863,4,170000,12.7938593104323,9.15904707758863,1,0
"873",13.3046849341983,9.04782144247841,1,104200,13.3046849341983,9.04782144247841,1,0
"875",9.90348755253613,NA,2,53600,9.90348755253613,8.09367937048534,1,0
"876",8.1605182474775,NA,3,76620,8.1605182474775,8.09367937048534,1,0
"877",12.0137007528827,7.62559507213245,3,90100,12.0137007528827,7.62559507213245,1,0
"879",12.7656884334656,8.55641390456952,3,160800,12.7656884334656,8.55641390456952,0,1
"880",12.2060726455302,8.02289686960146,3,26170,12.2060726455302,8.02289686960146,1,0
"881",NA,NA,0,120514.719822813,12.1262972596236,8.09367937048534,1,0
"883",11.7752897294377,8.55641390456952,2,55900,11.7752897294377,8.55641390456952,0,1
"884",13.5923670066501,9.21034037197618,4,422000,13.5923670066501,9.21034037197618,1,0
"885",12.083905011556,8.11671562481911,1,91000,12.083905011556,8.11671562481911,1,0
"887",12.7367008965923,8.48673398393153,2,149000,12.7367008965923,8.48673398393153,1,0
"888",NA,NA,3,193000,12.1262972596236,8.09367937048534,1,0
"889",NA,NA,1,61000,12.1262972596236,8.09367937048534,1,0
"890",11.5129254649702,8.55641390456952,1,34110,11.5129254649702,8.55641390456952,1,0
"891",12.1547793511426,7.9550742732627,1,19330,12.1547793511426,7.9550742732627,0,0
"892",12.5245263766487,8.20248244657654,2,147000,12.5245263766487,8.20248244657654,1,0
"893",13.5278284855125,8.9226582995244,2,140800,13.5278284855125,8.9226582995244,0,1
"894",NA,NA,2,77700,12.1262972596236,8.09367937048534,1,0
"896",10.9150884642146,8.02289686960146,2,112000,10.9150884642146,8.02289686960146,1,0
"897",13.5923670066501,9.21034037197618,2,164500,13.5923670066501,9.21034037197618,0,1
"899",12.6115377536383,8.30647216010058,4,155000,12.6115377536383,8.30647216010058,0,1
"903",12.6115377536383,8.05515773181968,3,280000,12.6115377536383,8.05515773181968,0,1
"905",12.6115377536383,8.422882511945,4,188500,12.6115377536383,8.422882511945,0,0
"907",11.5129254649702,7.7621706071382,1,23400,11.5129254649702,7.7621706071382,1,0
"908",12.1007121298723,7.84384863815247,3,108000,12.1007121298723,7.84384863815247,1,0
"911",12.3238556811866,6.4377516497364,1,112000,12.3238556811866,6.4377516497364,1,0
"914",12.4090134895269,8.77955745588373,4,120000,12.4090134895269,8.77955745588373,1,0
"915",12.8992198260901,8.55641390456952,2,58800,12.8992198260901,8.55641390456952,0,1
"917",12.4874851049684,8.14612951002541,2,112800,12.4874851049684,8.14612951002541,0,1
"918",12.8992198260901,8.28147085789517,1,35000,12.8992198260901,8.28147085789517,1,0
"921",11.289781913656,NA,5,88000,11.289781913656,8.09367937048534,0,1
"922",10.3089526606443,NA,3,82000,10.3089526606443,8.09367937048534,1,0
"923",13.1223633774043,9.21034037197618,3,214000,13.1223633774043,9.21034037197618,1,0
"924",12.1547793511426,8.20248244657654,4,87000,12.1547793511426,8.20248244657654,1,0
"925",9.61580548008435,NA,1,83660,9.61580548008435,8.09367937048534,1,0
"926",11.5129254649702,6.95654544315157,2,52600,11.5129254649702,6.95654544315157,1,0
"927",12.6115377536383,8.77955745588373,1,30500,12.6115377536383,8.77955745588373,1,0
"928",12.6115377536383,8.6569551337914,1,9000,12.6115377536383,8.6569551337914,1,0
"929",11.0020998412042,6.95654544315157,1,77000,11.0020998412042,6.95654544315157,1,0
"931",12.4049235042753,8.11671562481911,2,75600,12.4049235042753,8.11671562481911,0,1
"933",12.2060726455302,8.30647216010058,2,107800,12.2060726455302,8.30647216010058,1,0
"934",13.0710700830168,8.77955745588373,4,54500,13.0710700830168,8.77955745588373,1,0
"937",11.9183905730784,7.67322312112171,4,54100,11.9183905730784,7.67322312112171,1,0
"941",12.4874851049684,8.77955745588373,2,84000,12.4874851049684,8.77955745588373,1,0
"945",11.9183905730784,8.77955745588373,2,63020,11.9183905730784,8.77955745588373,1,0
"947",13.1223633774043,9.21034037197618,1,1e+05,13.1223633774043,9.21034037197618,0,0
"948",11.9183905730784,8.08641027532378,2,147000,11.9183905730784,8.08641027532378,0,1
"950",11.2252433925184,7.34601020991329,2,77500,11.2252433925184,7.34601020991329,1,0
"951",12.5245263766487,8.35467426191846,2,138984,12.5245263766487,8.35467426191846,0,1
"952",12.7656884334656,8.35467426191846,2,170000,12.7656884334656,8.35467426191846,1,0
"954",10.4631033404715,3.2188758248682,2,20000,10.4631033404715,3.2188758248682,1,0
"955",11.9183905730784,7.91935619066062,2,54700,11.9183905730784,7.91935619066062,0,1
"957",12.0137007528827,8.22951111896446,2,124210,12.0137007528827,8.22951111896446,1,0
"959",13.3847276418718,8.77955745588373,4,507000,13.3847276418718,8.77955745588373,0,1
"961",12.2060726455302,8.422882511945,1,91000,12.2060726455302,8.422882511945,1,0
"962",12.7068479334427,8.33086361322474,2,112000,12.7068479334427,8.33086361322474,0,0
"964",12.3883942023241,8.46589989702869,2,80800,12.3883942023241,8.46589989702869,1,0
"965",13.1223633774043,8.6569551337914,2,175000,13.1223633774043,8.6569551337914,1,0
"967",12.8103886123835,8.77955745588373,2,146000,12.8103886123835,8.77955745588373,1,0
"969",13.0170028617465,8.9226582995244,2,219000,13.0170028617465,8.9226582995244,0,0
"972",12.2307652581205,8.25582842728183,7,23000,12.2307652581205,8.25582842728183,1,0
"973",10.5966347330961,NA,3,57200,10.5966347330961,8.09367937048534,1,0
"974",NA,NA,0,120514.719822813,12.1262972596236,8.09367937048534,1,0
"975",NA,NA,2,99000,12.1262972596236,8.09367937048534,0,1
"976",12.1495022940418,8.02289686960146,1,18310,12.1495022940418,8.02289686960146,1,0
"977",12.7656884334656,8.46589989702869,3,202700,12.7656884334656,8.46589989702869,0,1
"979",11.7752897294377,8.22951111896446,1,42150,11.7752897294377,8.22951111896446,1,0
"980",13.3847276418718,9.21034037197618,4,185220,13.3847276418718,9.21034037197618,1,0
"981",12.5353763926728,8.17470288246946,3,155000,12.5353763926728,8.17470288246946,1,0
"982",NA,NA,0,120514.719822813,12.1262972596236,8.09367937048534,1,0
"983",11.3144745262464,7.27931883541462,1,58030,11.3144745262464,7.27931883541462,1,0
"984",12.7656884334656,8.55641390456952,2,122000,12.7656884334656,8.55641390456952,1,0
"985",11.2252433925184,7.20785987143248,1,26310,11.2252433925184,7.20785987143248,1,0
"986",NA,NA,0,120514.719822813,12.1262972596236,8.09367937048534,1,0
"988",13.1223633774043,8.6569551337914,1,21800,13.1223633774043,8.6569551337914,0,0
"991",12.3673407931263,8.48673398393153,6,110000,12.3673407931263,8.48673398393153,1,0
"993",12.8212582846204,8.77955745588373,3,642000,12.8212582846204,8.77955745588373,1,0
"995",12.8992198260901,8.55641390456952,4,266000,12.8992198260901,8.55641390456952,1,0
"999",NA,NA,8,124180,12.1262972596236,8.09367937048534,0,0
"1000",11.8493977015914,7.67322312112171,2,168200,11.8493977015914,7.67322312112171,0,1
"1001",14.3378694175439,9.21034037197618,3,215000,14.3378694175439,9.21034037197618,0,0
"1002",12.0725412529057,8.20248244657654,1,25500,12.0725412529057,8.20248244657654,1,0
"1003",12.1547793511426,8.14612951002541,4,154600,12.1547793511426,8.14612951002541,1,0
"1005",11.9447078813958,8.37793112408273,2,10901,11.9447078813958,8.37793112408273,0,1
"1008",12.6115377536383,8.46589989702869,2,153000,12.6115377536383,8.46589989702869,1,0
"1009",NA,NA,2,62000,12.1262972596236,8.09367937048534,1,0
"1011",9.7981270368783,8.17470288246946,3,97500,9.7981270368783,8.17470288246946,1,0
"1016",12.3013828253345,8.08641027532378,2,78900,12.3013828253345,8.08641027532378,1,0
"1018",12.4090134895269,8.9226582995244,3,205000,12.4090134895269,8.9226582995244,1,0
"1020",12.2548628096996,8.14612951002541,2,53300,12.2548628096996,8.14612951002541,1,0
"1027",12.6115377536383,8.50714285556274,4,215900,12.6115377536383,8.50714285556274,1,0
"1036",11.6952470217642,7.46737106691756,1,67000,11.6952470217642,7.46737106691756,0,1
"1037",12.4292161968444,7.84384863815247,5,96400,12.4292161968444,7.84384863815247,0,0
"1038",NA,NA,5,171000,12.1262972596236,8.09367937048534,1,0
"1039",12.2548628096996,7.57558465155779,7,109020,12.2548628096996,7.57558465155779,0,1
"1040",12.7656884334656,7.91935619066062,2,62000,12.7656884334656,7.91935619066062,0,1
"1041",NA,NA,0,120514.719822813,12.1262972596236,8.09367937048534,1,0
"1042",11.9049675527463,7.0475172213573,2,73300,11.9049675527463,7.0475172213573,1,0
"1044",13.0710700830168,8.9226582995244,5,198000,13.0710700830168,8.9226582995244,1,0
"1045",NA,NA,2,29400,12.1262972596236,8.09367937048534,1,0
"1048",12.1547793511426,8.20248244657654,2,79000,12.1547793511426,8.20248244657654,1,0
"1049",12.6115377536383,7.80384330353877,4,157900,12.6115377536383,7.80384330353877,0,0
"1050",12.3883942023241,8.55641390456952,3,102700,12.3883942023241,8.55641390456952,1,0
"1051",12.2060726455302,8.77955745588373,4,39980,12.2060726455302,8.77955745588373,0,1
"1055",11.289781913656,NA,3,23700,11.289781913656,8.09367937048534,1,0
"1057",12.4874851049684,8.9226582995244,2,141070,12.4874851049684,8.9226582995244,1,0
"1059",12.1007121298723,8.08641027532378,4,144700,12.1007121298723,8.08641027532378,1,0
"1060",12.0376539939052,7.84384863815247,1,150000,12.0376539939052,7.84384863815247,0,1
"1062",12.8992198260901,8.17470288246946,4,202000,12.8992198260901,8.17470288246946,0,1
"1064",12.8992198260901,8.17470288246946,2,182500,12.8992198260901,8.17470288246946,0,1
"1065",12.6280670555895,8.40065937516029,2,164000,12.6280670555895,8.40065937516029,1,0
"1067",13.2673291476545,9.04782144247841,3,240000,13.2673291476545,9.04782144247841,0,1
"1068",12.3013828253345,8.9226582995244,1,80000,12.3013828253345,8.9226582995244,0,1
"1069",12.2548628096996,8.25582842728183,1,98000,12.2548628096996,8.25582842728183,1,0
"1071",12.0725412529057,7.67322312112171,2,41400,12.0725412529057,7.67322312112171,1,0
"1074",10.3089526606443,NA,3,45700,10.3089526606443,8.09367937048534,1,0
"1075",12.7798730684576,NA,0,120514.719822813,12.7798730684576,8.09367937048534,0,1
"1077",12.3673407931263,8.14612951002541,4,90000,12.3673407931263,8.14612951002541,0,1
"1082",NA,NA,2,106500,12.1262972596236,8.09367937048534,1,0
"1083",12.8992198260901,8.9226582995244,3,99000,12.8992198260901,8.9226582995244,1,0
"1084",11.9183905730784,8.02289686960146,2,98600,11.9183905730784,8.02289686960146,1,0
"1085",11.8130300574206,8.05515773181968,3,26800,11.8130300574206,8.05515773181968,1,0
"1087",10.5966347330961,7.27931883541462,1,3100,10.5966347330961,7.27931883541462,1,0
"1090",11.6952470217642,7.27931883541462,1,12600,11.6952470217642,7.27931883541462,1,0
"1091",12.8992198260901,8.77955745588373,2,199000,12.8992198260901,8.77955745588373,1,0
"1092",14.3378694175439,9.21034037197618,3,262300,14.3378694175439,9.21034037197618,1,0
"1093",11.9183905730784,8.02289686960146,3,44100,11.9183905730784,8.02289686960146,1,0
"1094",NA,NA,3,8800,12.1262972596236,8.09367937048534,1,0
"1095",12.6115377536383,8.55641390456952,4,153900,12.6115377536383,8.55641390456952,1,0
"1096",12.4292161968444,7.80384330353877,4,186600,12.4292161968444,7.80384330353877,0,1
"1098",NA,NA,0,120514.719822813,12.1262972596236,8.09367937048534,1,0
"1099",NA,NA,1,61000,12.1262972596236,8.09367937048534,0,1
"1101",13.3046849341983,8.77955745588373,1,72000,13.3046849341983,8.77955745588373,0,0
"1103",13.5923670066501,9.21034037197618,4,422000,13.5923670066501,9.21034037197618,0,1
"1104",13.0170028617465,8.77955745588373,7,62000,13.0170028617465,8.77955745588373,0,1
"1108",13.4150329913671,9.15904707758863,4,111000,13.4150329913671,9.15904707758863,1,0
"1109",11.8493977015914,7.62559507213245,1,32150,11.8493977015914,7.62559507213245,1,0
"1110",12.0435537160324,8.05515773181968,2,88800,12.0435537160324,8.05515773181968,1,0
"1111",12.7656884334656,8.30647216010058,6,76000,12.7656884334656,8.30647216010058,0,1
"1114",13.2176735572087,9.04782144247841,4,271600,13.2176735572087,9.04782144247841,1,0
"1115",11.9183905730784,7.7621706071382,1,285000,11.9183905730784,7.7621706071382,1,0
"1118",12.4292161968444,7.84384863815247,4,205000,12.4292161968444,7.84384863815247,0,1
"1120",11.8493977015914,8.35467426191846,7,125000,11.8493977015914,8.35467426191846,1,0
"1122",12.8992198260901,8.9226582995244,3,169500,12.8992198260901,8.9226582995244,1,0
"1123",13.5278284855125,9.21034037197618,3,190000,13.5278284855125,9.21034037197618,1,0
"1124",12.1281111040605,8.30647216010058,2,159800,12.1281111040605,8.30647216010058,1,0
"1125",12.7656884334656,8.422882511945,2,40000,12.7656884334656,8.422882511945,0,0
"1126",11.7597855429018,7.34601020991329,1,57000,11.7597855429018,7.34601020991329,1,0
"1127",11.8493977015914,8.77955745588373,4,1e+05,11.8493977015914,8.77955745588373,1,0
"1128",NA,NA,4,85000,12.1262972596236,8.09367937048534,1,0
"1129",10.8197782844103,7.52294091807237,1,11300,10.8197782844103,7.52294091807237,1,0
"1130",7.78322401633604,9.21034037197618,5,428100,7.78322401633604,9.21034037197618,1,0
"1131",13.0170028617465,8.9226582995244,2,103200,13.0170028617465,8.9226582995244,1,0
"1133",11.9183905730784,6.95654544315157,1,54000,11.9183905730784,6.95654544315157,1,0
"1136",12.0435537160324,8.17470288246946,3,121960,12.0435537160324,8.17470288246946,1,0
"1138",12.0137007528827,6.05208916892442,6,72030,12.0137007528827,6.05208916892442,1,0
"1139",14.3378694175439,9.21034037197618,2,609000,14.3378694175439,9.21034037197618,1,0
"1140",13.1223633774043,9.21034037197618,2,327000,13.1223633774043,9.21034037197618,1,0
"1141",12.8992198260901,9.21034037197618,1,93000,12.8992198260901,9.21034037197618,1,0
"1142",12.4684369099977,8.6569551337914,2,115300,12.4684369099977,8.6569551337914,1,0
"1144",11.9183905730784,7.57558465155779,1,14600,11.9183905730784,7.57558465155779,0,1
"1145",12.7367008965923,9.04782144247841,2,115000,12.7367008965923,9.04782144247841,1,0
"1146",NA,NA,2,19800,12.1262972596236,8.09367937048534,1,0
"1147",NA,NA,1,70000,12.1262972596236,8.09367937048534,1,0
"1148",13.3847276418718,8.77955745588373,4,440000,13.3847276418718,8.77955745588373,0,1
"1149",12.6915804613119,8.9226582995244,4,240000,12.6915804613119,8.9226582995244,1,0
"1150",NA,NA,5,29000,12.1262972596236,8.09367937048534,1,0
"1152",12.3883942023241,8.422882511945,2,128000,12.3883942023241,8.422882511945,1,0
"1153",12.5245263766487,8.77955745588373,2,100900,12.5245263766487,8.77955745588373,1,0
"1154",NA,NA,1,135000,12.1262972596236,8.09367937048534,1,0
"1155",12.6115377536383,8.48673398393153,4,116000,12.6115377536383,8.48673398393153,1,0
"1157",13.0815413828841,NA,0,120514.719822813,13.0815413828841,8.09367937048534,0,0
"1161",12.8479265317026,8.9226582995244,4,422800,12.8479265317026,8.9226582995244,1,0
"1166",9.74096862303835,6.51471269087253,4,8000,9.74096862303835,6.51471269087253,1,0
"1168",11.0020998412042,4.8283137373023,2,43300,11.0020998412042,4.8283137373023,1,0
"1175",12.5602444592508,8.17470288246946,1,35000,12.5602444592508,8.17470288246946,1,0
"1178",13.3046849341983,9.15904707758863,2,184000,13.3046849341983,9.15904707758863,0,0
"1179",12.6115377536383,8.30647216010058,3,270600,12.6115377536383,8.30647216010058,1,0
"1181",12.2060726455302,8.22951111896446,2,137400,12.2060726455302,8.22951111896446,1,0
"1182",13.1223633774043,8.9226582995244,2,229400,13.1223633774043,8.9226582995244,0,1
"1185",12.2307652581205,7.98956044933387,1,38000,12.2307652581205,7.98956044933387,1,0
"1188",9.21034037197618,8.77955745588373,2,72000,9.21034037197618,8.77955745588373,0,0
"1189",12.2060726455302,8.05515773181968,3,108450,12.2060726455302,8.05515773181968,1,0
"1191",12.1172414318236,8.14612951002541,4,72280,12.1172414318236,8.14612951002541,1,0
"1192",13.0919041699196,NA,1,45000,13.0919041699196,8.09367937048534,1,0
"1193",12.4090134895269,8.22951111896446,1,39500,12.4090134895269,8.22951111896446,1,0
"1194",NA,NA,2,16800,12.1262972596236,8.09367937048534,1,0
"1195",NA,NA,0,120514.719822813,12.1262972596236,8.09367937048534,1,0
"1196",NA,NA,1,70000,12.1262972596236,8.09367937048534,1,0
"1198",11.9511803959014,8.40065937516029,2,94400,11.9511803959014,8.40065937516029,1,0
"1199",12.2060726455302,NA,1,27600,12.2060726455302,8.09367937048534,1,0
"1200",13.0170028617465,8.55641390456952,3,113300,13.0170028617465,8.55641390456952,0,1
"1208",11.8844890214027,8.28147085789517,2,85000,11.8844890214027,8.28147085789517,1,0
"1209",12.7068479334427,8.77955745588373,3,175300,12.7068479334427,8.77955745588373,1,0
"1212",11.9447078813958,7.62559507213245,1,40000,11.9447078813958,7.62559507213245,0,1
"1213",12.5602444592508,8.30647216010058,4,125004,12.5602444592508,8.30647216010058,1,0
"1214",11.8130300574206,8.08641027532378,2,20000,11.8130300574206,8.08641027532378,1,0
"1218",13.2176735572087,9.15904707758863,2,212000,13.2176735572087,9.15904707758863,1,0
"1221",12.5061772379805,8.55641390456952,2,139250,12.5061772379805,8.55641390456952,1,0
"1222",9.10497985631836,NA,0,120514.719822813,9.10497985631836,8.09367937048534,1,0
"1223",11.8493977015914,7.91935619066062,2,58400,11.8493977015914,7.91935619066062,1,0
"1225",10.4631033404715,NA,1,36400,10.4631033404715,8.09367937048534,1,0
"1226",12.6915804613119,8.55641390456952,4,212000,12.6915804613119,8.55641390456952,1,0
"1227",NA,NA,2,43020,12.1262972596236,8.09367937048534,1,0
"1228",11.6952470217642,8.30647216010058,1,60600,11.6952470217642,8.30647216010058,0,1
"1229",11.7360690162844,7.80384330353877,1,24000,11.7360690162844,7.80384330353877,1,0
"1233",12.7656884334656,8.55641390456952,4,65000,12.7656884334656,8.55641390456952,1,0
"1234",13.1223633774043,9.15904707758863,1,16000,13.1223633774043,9.15904707758863,0,1
"1238",12.1547793511426,8.35467426191846,1,110200,12.1547793511426,8.35467426191846,0,1
"1240",12.7068479334427,8.46589989702869,2,150000,12.7068479334427,8.46589989702869,0,1
"1241",12.7367008965923,8.22951111896446,5,173060,12.7367008965923,8.22951111896446,1,0
"1242",12.7656884334656,8.6569551337914,6,82900,12.7656884334656,8.6569551337914,0,1
"1244",12.1807548375459,8.30647216010058,1,67000,12.1807548375459,8.30647216010058,1,0
"1247",NA,NA,4,20100,12.1262972596236,8.09367937048534,1,0
"1249",NA,NA,0,120514.719822813,12.1262972596236,8.09367937048534,0,1
"1250",12.1547793511426,8.08641027532378,2,86000,12.1547793511426,8.08641027532378,1,0
"1251",12.4684369099977,8.28147085789517,1,33200,12.4684369099977,8.28147085789517,0,1
"1254",13.2707833825226,9.15904707758863,3,71700,13.2707833825226,9.15904707758863,0,1
"1255",13.3046849341983,8.77955745588373,2,98000,13.3046849341983,8.77955745588373,0,1
"1256",12.6115377536383,8.77955745588373,2,74150,12.6115377536383,8.77955745588373,1,0
"1257",12.4090134895269,8.22951111896446,3,170040,12.4090134895269,8.22951111896446,1,0
"1258",12.8992198260901,8.6569551337914,6,110000,12.8992198260901,8.6569551337914,0,0
"1260",11.5129254649702,7.88231491898027,2,106200,11.5129254649702,7.88231491898027,1,0
"1262",12.8992198260901,8.33086361322474,2,260000,12.8992198260901,8.33086361322474,0,1
"1263",12.6115377536383,8.48673398393153,2,58400,12.6115377536383,8.48673398393153,0,0
"1264",12.1547793511426,8.17470288246946,2,102000,12.1547793511426,8.17470288246946,1,0
"1268",12.4292161968444,8.30647216010058,2,64300,12.4292161968444,8.30647216010058,1,0
"1269",13.3847276418718,8.9226582995244,5,435000,13.3847276418718,8.9226582995244,0,1
"1271",NA,NA,1,31000,12.1262972596236,8.09367937048534,1,0
"1273",12.1547793511426,8.08641027532378,2,60000,12.1547793511426,8.08641027532378,0,1
"1274",12.6915804613119,8.30647216010058,3,145000,12.6915804613119,8.30647216010058,1,0
"1277",11.6784399034478,7.34601020991329,1,33600,11.6784399034478,7.34601020991329,1,0
"1282",12.2548628096996,8.30647216010058,4,126000,12.2548628096996,8.30647216010058,0,1
"1284",12.3013828253345,8.08641027532378,1,95000,12.3013828253345,8.08641027532378,1,0
"1286",13.2176735572087,9.21034037197618,1,437100,13.2176735572087,9.21034037197618,1,0
"1289",12.7656884334656,8.77955745588373,2,47000,12.7656884334656,8.77955745588373,1,0
"1291",12.2060726455302,8.422882511945,1,25000,12.2060726455302,8.422882511945,1,0
"1292",12.6115377536383,8.77955745588373,2,128400,12.6115377536383,8.77955745588373,1,0
"1294",12.1281111040605,8.08641027532378,2,34700,12.1281111040605,8.08641027532378,1,0
"1295",12.2307652581205,8.422882511945,5,165000,12.2307652581205,8.422882511945,1,0
"1298",11.289781913656,6.95654544315157,1,22400,11.289781913656,6.95654544315157,0,1
"1303",NA,NA,1,14000,12.1262972596236,8.09367937048534,1,0
"1305",12.8992198260901,8.40065937516029,3,199090,12.8992198260901,8.40065937516029,0,0
"1306",13.3847276418718,9.15904707758863,3,167700,13.3847276418718,9.15904707758863,1,0
"1308",13.5923670066501,9.21034037197618,2,516000,13.5923670066501,9.21034037197618,1,0
"1314",12.1281111040605,8.30647216010058,2,88710,12.1281111040605,8.30647216010058,1,0
"1316",13.0170028617465,8.77955745588373,4,201000,13.0170028617465,8.77955745588373,1,0
"1320",12.5245263766487,8.30647216010058,2,69000,12.5245263766487,8.30647216010058,1,0
"1322",NA,NA,7,105000,12.1262972596236,8.09367937048534,1,0
"1323",11.982929094216,7.71868549519847,5,422000,11.982929094216,7.71868549519847,0,0
"1324",12.7656884334656,8.77955745588373,2,182300,12.7656884334656,8.77955745588373,1,0
"1325",13.0389817684653,8.9226582995244,2,271400,13.0389817684653,8.9226582995244,1,0
"1327",11.289781913656,7.84384863815247,1,27730,11.289781913656,7.84384863815247,1,0
"1328",NA,NA,2,57200,12.1262972596236,8.09367937048534,1,0
"1330",NA,NA,1,64901,12.1262972596236,8.09367937048534,0,1
"1331",12.2060726455302,8.35467426191846,2,119100,12.2060726455302,8.35467426191846,1,0
"1332",NA,NA,1,50000,12.1262972596236,8.09367937048534,1,0
"1334",14.3378694175439,9.21034037197618,3,422000,14.3378694175439,9.21034037197618,0,1
"1335",12.2060726455302,7.57558465155779,2,55000,12.2060726455302,7.57558465155779,0,1
"1336",12.6115377536383,8.48673398393153,2,79600,12.6115377536383,8.48673398393153,0,0
"1338",NA,NA,2,111000,12.1262972596236,8.09367937048534,1,0
"1339",13.5278284855125,9.21034037197618,2,181000,13.5278284855125,9.21034037197618,0,1
"1340",12.1547793511426,7.52294091807237,2,82420,12.1547793511426,7.52294091807237,0,1
"1341",13.3847276418718,7.91935619066062,2,498000,13.3847276418718,7.91935619066062,1,0
"1342",12.4292161968444,8.6569551337914,3,77900,12.4292161968444,8.6569551337914,1,0
"1343",12.3238556811866,7.62559507213245,2,76200,12.3238556811866,7.62559507213245,0,1
"1346",12.4292161968444,8.33086361322474,2,182600,12.4292161968444,8.33086361322474,0,1
"1348",12.2404740722475,8.02289686960146,2,108000,12.2404740722475,8.02289686960146,1,0
"1349",12.1547793511426,7.88231491898027,2,49600,12.1547793511426,7.88231491898027,0,0
"1350",10.8197782844103,7.20785987143248,1,45200,10.8197782844103,7.20785987143248,1,0
"1351",NA,NA,2,57000,12.1262972596236,8.09367937048534,1,0
"1352",NA,NA,0,120514.719822813,12.1262972596236,8.09367937048534,0,0
"1353",12.7367008965923,8.77955745588373,2,113800,12.7367008965923,8.77955745588373,1,0
"1354",NA,NA,2,44020,12.1262972596236,8.09367937048534,1,0
"1355",12.0435537160324,8.05515773181968,3,45700,12.0435537160324,8.05515773181968,1,0
"1360",12.1547793511426,8.11671562481911,2,69000,12.1547793511426,8.11671562481911,1,0
"1361",12.0435537160324,8.11671562481911,4,195000,12.0435537160324,8.11671562481911,1,0
"1362",12.4292161968444,8.55641390456952,4,104000,12.4292161968444,8.55641390456952,1,0
"1363",12.3238556811866,8.55641390456952,4,102000,12.3238556811866,8.55641390456952,1,0
"1365",11.982929094216,7.9550742732627,2,155700,11.982929094216,7.9550742732627,1,0
"1366",13.0170028617465,8.55641390456952,4,318000,13.0170028617465,8.55641390456952,0,1
"1367",14.3378694175439,9.21034037197618,2,12000,14.3378694175439,9.21034037197618,0,0
"1368",12.8992198260901,8.55641390456952,2,143200,12.8992198260901,8.55641390456952,0,0
"1372",12.0725412529057,7.27931883541462,2,69000,12.0725412529057,7.27931883541462,0,1
"1374",NA,NA,3,19400,12.1262972596236,8.09367937048534,1,0
"1375",11.7752897294377,NA,3,6900,11.7752897294377,8.09367937048534,1,0
"1376",11.5129254649702,7.84384863815247,1,51000,11.5129254649702,7.84384863815247,0,0
"1378",11.9183905730784,8.17470288246946,1,31200,11.9183905730784,8.17470288246946,0,1
"1379",12.2060726455302,7.9550742732627,2,77840,12.2060726455302,7.9550742732627,0,0
"1380",12.8479265317026,8.55641390456952,2,422000,12.8479265317026,8.55641390456952,1,0
"1382",13.3046849341983,8.77955745588373,2,165700,13.3046849341983,8.77955745588373,0,0
"1384",12.4684369099977,9.04782144247841,4,102100,12.4684369099977,9.04782144247841,1,0
"1385",11.2252433925184,7.62559507213245,2,92200,11.2252433925184,7.62559507213245,1,0
"1387",11.1562505210315,4.8283137373023,4,96600,11.1562505210315,4.8283137373023,1,0
"1388",10.8197782844103,NA,4,55900,10.8197782844103,8.09367937048534,1,0
"1390",13.1223633774043,6.71538338633468,3,58500,13.1223633774043,6.71538338633468,0,1
"1393",12.6115377536383,8.6569551337914,4,167400,12.6115377536383,8.6569551337914,1,0
"1394",12.7656884334656,8.77955745588373,3,95000,12.7656884334656,8.77955745588373,0,1
"1395",13.1223633774043,9.21034037197618,1,135000,13.1223633774043,9.21034037197618,0,1
"1398",12.6115377536383,6.58617165485467,2,154000,12.6115377536383,6.58617165485467,0,0
"1400",12.1007121298723,7.9550742732627,2,112000,12.1007121298723,7.9550742732627,1,0
"1401",11.7360690162844,7.7621706071382,1,34000,11.7360690162844,7.7621706071382,0,1
"1403",12.6760762747759,8.9226582995244,4,207000,12.6760762747759,8.9226582995244,1,0
"1404",12.1281111040605,8.77955745588373,1,37000,12.1281111040605,8.77955745588373,1,0
"1405",11.9183905730784,7.62559507213245,1,55000,11.9183905730784,7.62559507213245,1,0
"1409",NA,NA,0,120514.719822813,12.1262972596236,8.09367937048534,1,0
"1410",12.5245263766487,8.30647216010058,3,132000,12.5245263766487,8.30647216010058,0,1
"1411",13.5923670066501,8.55641390456952,2,66800,13.5923670066501,8.55641390456952,1,0
"1417",11.6082356447746,7.62559507213245,1,27800,11.6082356447746,7.62559507213245,1,0
"1421",12.2307652581205,7.52294091807237,2,23790,12.2307652581205,7.52294091807237,1,0
"1422",12.4292161968444,8.77955745588373,4,195000,12.4292161968444,8.77955745588373,1,0
"1423",13.0170028617465,8.9226582995244,2,131500,13.0170028617465,8.9226582995244,1,0
"1424",NA,NA,1,8500,12.1262972596236,8.09367937048534,1,0
"1425",NA,NA,0,120514.719822813,12.1262972596236,8.09367937048534,1,0
"1426",11.982929094216,7.67322312112171,2,84600,11.982929094216,7.67322312112171,1,0
"1429",11.8493977015914,7.57558465155779,4,112000,11.8493977015914,7.57558465155779,1,0
"1432",12.3238556811866,8.77955745588373,2,162400,12.3238556811866,8.77955745588373,1,0
"1433",12.2060726455302,8.20248244657654,1,117100,12.2060726455302,8.20248244657654,1,0
"1434",10.5966347330961,3.2188758248682,2,37000,10.5966347330961,3.2188758248682,1,0
"1435",12.2060726455302,8.02289686960146,2,198000,12.2060726455302,8.02289686960146,1,0
"1436",12.4684369099977,8.6569551337914,1,47000,12.4684369099977,8.6569551337914,1,0
"1438",12.0725412529057,7.62559507213245,2,67000,12.0725412529057,7.62559507213245,0,1
"1439",13.1223633774043,9.04782144247841,2,112800,13.1223633774043,9.04782144247841,1,0
"1441",12.7656884334656,8.77955745588373,2,47330,12.7656884334656,8.77955745588373,0,1
"1443",11.8493977015914,8.02289686960146,3,109000,11.8493977015914,8.02289686960146,1,0
"1446",11.7752897294377,8.02289686960146,1,76000,11.7752897294377,8.02289686960146,0,1
"1447",11.289781913656,7.27931883541462,2,93000,11.289781913656,7.27931883541462,0,1
"1448",11.9183905730784,7.62559507213245,5,67000,11.9183905730784,7.62559507213245,1,0
"1449",12.6115377536383,8.33086361322474,1,131000,12.6115377536383,8.33086361322474,0,1
"1451",12.6115377536383,8.55641390456952,2,142910,12.6115377536383,8.55641390456952,0,1
"1452",10.3734911817819,NA,4,72200,10.3734911817819,8.09367937048534,0,0
"1454",12.2060726455302,8.17470288246946,2,305000,12.2060726455302,8.17470288246946,0,1
"1455",13.3046849341983,9.21034037197618,5,250000,13.3046849341983,9.21034037197618,1,0
"1458",12.4292161968444,8.55641390456952,5,90200,12.4292161968444,8.55641390456952,1,0
"1462",NA,NA,5,63800,12.1262972596236,8.09367937048534,0,0
"1463",11.9183905730784,6.77422388635761,1,35090,11.9183905730784,6.77422388635761,1,0
"1465",12.6760762747759,8.6569551337914,2,136000,12.6760762747759,8.6569551337914,1,0
"1467",10.7144177687525,NA,0,120514.719822813,10.7144177687525,8.09367937048534,1,0
"1469",NA,NA,1,26000,12.1262972596236,8.09367937048534,1,0
"1470",13.4588356140255,8.02289686960146,4,45000,13.4588356140255,8.02289686960146,1,0
"1472",7.60090245954208,3.2188758248682,6,43900,7.60090245954208,3.2188758248682,1,0
"1476",12.7367008965923,8.9226582995244,2,130000,12.7367008965923,8.9226582995244,1,0
"1477",11.8130300574206,8.33086361322474,3,17900,11.8130300574206,8.33086361322474,0,1
"1480",11.1562505210315,7.62559507213245,2,216080,11.1562505210315,7.62559507213245,1,0
"1481",11.0020998412042,NA,3,61200,11.0020998412042,8.09367937048534,1,0
"1483",12.7656884334656,8.02289686960146,4,255000,12.7656884334656,8.02289686960146,0,1
"1484",14.3378694175439,9.21034037197618,4,207000,14.3378694175439,9.21034037197618,0,0
"1487",12.9239124386805,8.9226582995244,4,87400,12.9239124386805,8.9226582995244,0,1
"1490",12.7656884334656,9.04782144247841,4,173000,12.7656884334656,9.04782144247841,1,0
"1492",12.6115377536383,8.02289686960146,1,24000,12.6115377536383,8.02289686960146,1,0
"1493",12.5776362019627,8.46589989702869,4,103010,12.5776362019627,8.46589989702869,1,0
"1494",14.3378694175439,9.21034037197618,3,172000,14.3378694175439,9.21034037197618,1,0
"1496",8.98719682066197,NA,3,57900,8.98719682066197,8.09367937048534,1,0
"1500",NA,NA,2,13200,12.1262972596236,8.09367937048534,1,0
"1506",NA,NA,4,97500,12.1262972596236,8.09367937048534,1,0
"1507",NA,NA,1,14570,12.1262972596236,8.09367937048534,1,0
"1510",12.2060726455302,8.55641390456952,4,92000,12.2060726455302,8.55641390456952,1,0
"1512",12.498742259493,8.55641390456952,1,151800,12.498742259493,8.55641390456952,1,0
"1513",11.3504065354725,7.67322312112171,2,81000,11.3504065354725,7.67322312112171,1,0
"1514",12.8992198260901,8.55641390456952,4,201120,12.8992198260901,8.55641390456952,1,0
"1515",11.982929094216,8.55641390456952,2,80000,11.982929094216,8.55641390456952,1,0
"1516",12.8866410438833,8.55641390456952,4,129300,12.8866410438833,8.55641390456952,0,1
"1519",12.9598444479066,9.15904707758863,1,422010,12.9598444479066,9.15904707758863,1,0
"1521",12.5741819670946,8.35467426191846,2,129600,12.5741819670946,8.35467426191846,1,0
"1523",NA,NA,4,52850,12.1262972596236,8.09367937048534,1,0
"1524",12.2548628096996,7.71868549519847,2,63980,12.2548628096996,7.71868549519847,0,1
"1527",11.2252433925184,6.82979373751242,2,39800,11.2252433925184,6.82979373751242,1,0
"1528",11.4075649493124,6.71538338633468,1,80000,11.4075649493124,6.71538338633468,1,0
"1534",NA,NA,3,28000,12.1262972596236,8.09367937048534,1,0
"1535",13.3847276418718,8.6569551337914,4,432600,13.3847276418718,8.6569551337914,0,1
"1536",11.982929094216,7.84384863815247,2,118000,11.982929094216,7.84384863815247,1,0
"1537",12.0951410848229,8.30647216010058,3,131100,12.0951410848229,8.30647216010058,1,0
"1538",12.8346813049525,8.77955745588373,5,154200,12.8346813049525,8.77955745588373,1,0
"1539",12.4090134895269,8.6569551337914,2,72000,12.4090134895269,8.6569551337914,1,0
"1542",11.9183905730784,8.46589989702869,3,59800,11.9183905730784,8.46589989702869,0,0
"1545",11.982929094216,8.08641027532378,2,30500,11.982929094216,8.08641027532378,1,0
"1546",11.6082356447746,7.80384330353877,1,58000,11.6082356447746,7.80384330353877,1,0
"1548",11.982929094216,8.02289686960146,6,38000,11.982929094216,8.02289686960146,1,0
"1550",13.4588356140255,9.04782144247841,2,126000,13.4588356140255,9.04782144247841,0,1
"1554",13.2445810101286,8.77955745588373,2,178000,13.2445810101286,8.77955745588373,0,1
"1555",11.982929094216,NA,0,120514.719822813,11.982929094216,8.09367937048534,1,0
"1556",14.3378694175439,9.21034037197618,3,424000,14.3378694175439,9.21034037197618,0,1
"1557",12.4684369099977,8.55641390456952,5,135000,12.4684369099977,8.55641390456952,1,0
"1558",13.3212142361495,9.15904707758863,3,210040,13.3212142361495,9.15904707758863,1,0
"1559",11.6952470217642,7.52294091807237,2,51830,11.6952470217642,7.52294091807237,1,0
"1565",12.2060726455302,9.04782144247841,6,111500,12.2060726455302,9.04782144247841,1,0
"1566",11.289781913656,NA,2,106000,11.289781913656,8.09367937048534,1,0
"1567",11.0821425488778,6.82979373751242,2,43800,11.0821425488778,6.82979373751242,1,0
"1568",11.9183905730784,NA,2,50000,11.9183905730784,8.09367937048534,1,0
"1569",13.4870064909922,9.21034037197618,4,262000,13.4870064909922,9.21034037197618,1,0
"1573",9.90348755253613,5.41610040220442,3,72500,9.90348755253613,5.41610040220442,1,0
"1574",10.5966347330961,NA,5,44400,10.5966347330961,8.09367937048534,1,0
"1576",NA,NA,1,12400,12.1262972596236,8.09367937048534,1,0
"1577",NA,NA,2,23600,12.1262972596236,8.09367937048534,1,0
"1578",12.3238556811866,8.02289686960146,2,40000,12.3238556811866,8.02289686960146,0,1
"1582",13.6529916284665,9.21034037197618,3,428000,13.6529916284665,9.21034037197618,1,0
"1583",14.3378694175439,9.21034037197618,4,227400,14.3378694175439,9.21034037197618,0,1
"1584",12.1547793511426,8.55641390456952,3,124800,12.1547793511426,8.55641390456952,0,0
"1585",NA,NA,1,8000,12.1262972596236,8.09367937048534,1,0
"1586",14.3378694175439,8.33086361322474,2,71200,14.3378694175439,8.33086361322474,0,0
"1587",12.4292161968444,8.02289686960146,2,126200,12.4292161968444,8.02289686960146,0,1
"1588",11.289781913656,7.80384330353877,2,48000,11.289781913656,7.80384330353877,1,0
"1589",14.3378694175439,9.21034037197618,2,836500,14.3378694175439,9.21034037197618,0,1
"1590",13.279367126214,9.04782144247841,2,269600,13.279367126214,9.04782144247841,1,0
"1592",NA,NA,2,52000,12.1262972596236,8.09367937048534,1,0
"1593",NA,NA,1,30000,12.1262972596236,8.09367937048534,1,0
"1595",12.2307652581205,8.6569551337914,2,180000,12.2307652581205,8.6569551337914,1,0
"1596",12.7656884334656,8.77955745588373,3,136000,12.7656884334656,8.77955745588373,1,0
"1597",12.1007121298723,8.14612951002541,2,201000,12.1007121298723,8.14612951002541,0,0
"1598",11.7360690162844,7.62559507213245,2,53900,11.7360690162844,7.62559507213245,0,1
"1602",12.5425448821514,8.55641390456952,1,44700,12.5425448821514,8.55641390456952,1,0
"1603",12.0435537160324,8.08641027532378,1,38900,12.0435537160324,8.08641027532378,1,0
"1604",11.6082356447746,5.41610040220442,1,70000,11.6082356447746,5.41610040220442,1,0
"1605",13.0604879736862,8.77955745588373,5,280000,13.0604879736862,8.77955745588373,0,1
"1606",11.1562505210315,4.8283137373023,4,70000,11.1562505210315,4.8283137373023,1,0
"1607",12.0435537160324,7.84384863815247,3,41920,12.0435537160324,7.84384863815247,0,1
"1608",12.3458345879053,7.62559507213245,4,53000,12.3458345879053,7.62559507213245,0,1
"1609",12.2060726455302,8.20248244657654,1,53900,12.2060726455302,8.20248244657654,1,0
"1610",11.4824662574855,NA,1,25000,11.4824662574855,8.09367937048534,1,0
"1611",11.7360690162844,7.80384330353877,1,184000,11.7360690162844,7.80384330353877,1,0
"1612",12.0137007528827,8.422882511945,2,113000,12.0137007528827,8.422882511945,1,0
"1613",12.3238556811866,8.20248244657654,2,302800,12.3238556811866,8.20248244657654,0,1
"1615",13.1021606700868,8.9226582995244,4,125300,13.1021606700868,8.9226582995244,1,0
